{"cameraMode":{"drawMode":0,"name":"Shaded","section":"Shading Mode"},"sceneLighting":true,"audioPlay":false,"sceneViewState":{"showFog":true,"showMaterialUpdate":false,"showSkybox":true,"showFlares":true,"showImageEffects":true,"showParticleSystems":true},"in2DMode":false,"pivot":{"x":0.403639554977417,"y":4.532858371734619,"z":8.710365295410157},"rotation":{"x":-0.013189041055738926,"y":-0.017689498141407968,"z":-0.00022828555665910244,"w":0.9997806549072266},"size":24.379619598388673,"orthographic":false}