{"cameraMode":{"drawMode":0,"name":"Shaded","section":"Shading Mode"},"sceneLighting":false,"audioPlay":false,"sceneViewState":{"showFog":true,"showMaterialUpdate":false,"showSkybox":false,"showFlares":true,"showImageEffects":true,"showParticleSystems":true},"in2DMode":false,"pivot":{"x":0.06000000238418579,"y":4.449999809265137,"z":0.0},"rotation":{"x":-0.03868112713098526,"y":0.007802815176546574,"z":0.00030186548247002065,"w":0.9992431998252869},"size":2.3566715717315676,"orthographic":false}